1|Granite|Sleek
1|Granite|Small
2|Fresh|Handmade
3|Metal|Ergonomic
4|Plastic|Fantastic
5|Fresh|Handmade
6|Frozen|Practical
6|Soft|Incredible
7|Cotton|Gorgeous
7|Wooden|Small
8|Soft|Handcrafted
8|Wooden|Awesome
9|Frozen|Tasty
10|Frozen|Handcrafted
11|Concrete|Awesome
12|Soft|Small
12|Wooden|Sleek
13|Steel|Licensed
14|Steel|Handmade
14|Fresh|Practical
15|Granite|Small
15|Cotton|Awesome
16|Concrete|Ergonomic
16|Frozen|Generic
17|Cotton|Sleek
17|Wooden|Gorgeous
18|Plastic|Ergonomic
19|Frozen|Small
19|Plastic|Small
20|Steel|Sleek
20|Frozen|Handcrafted
21|Rubber|Small
21|Granite|Rustic
22|Concrete|Ergonomic
22|Granite|Rustic
23|Cotton|Generic
24|Metal|Small
24|Plastic|Handcrafted
25|Frozen|Rustic
25|Granite|Practical
26|Rubber|Unbranded
27|Steel|Handcrafted
27|Frozen|Sleek
28|Frozen|Refined
29|Frozen|Generic
30|Concrete|Rustic
30|Concrete|Fantastic
31|Metal|Gorgeous
32|Fresh|Incredible
32|Frozen|Intelligent
33|Steel|Ergonomic
34|Soft|Licensed
35|Fresh|Generic
36|Plastic|Practical
36|Plastic|Unbranded
37|Fresh|Small
38|Concrete|Fantastic
38|Granite|Handmade
39|Frozen|Unbranded
39|Plastic|Small
40|Soft|Refined
41|Cotton|Rustic
42|Frozen|Handmade
43|Cotton|Fantastic
44|Frozen|Tasty
45|Frozen|Awesome
45|Frozen|Awesome
46|Cotton|Licensed
46|Soft|Generic
47|Steel|Unbranded
48|Soft|Rustic
48|Metal|Generic
49|Concrete|Rustic
50|Rubber|Practical
51|Granite|Handmade
52|Rubber|Tasty
52|Granite|Unbranded
53|Soft|Handmade
54|Granite|Unbranded
55|Plastic|Refined
56|Frozen|Sleek
57|Wooden|Tasty
57|Wooden|Sleek
58|Metal|Handmade
58|Plastic|Licensed
59|Steel|Sleek
59|Plastic|Handmade
60|Cotton|Gorgeous
60|Concrete|Handcrafted
61|Cotton|Fantastic
61|Concrete|Intelligent
62|Soft|Fantastic
63|Rubber|Unbranded
63|Steel|Small
64|Fresh|Small
64|Soft|Sleek
65|Metal|Handmade
66|Plastic|Tasty
66|Metal|Gorgeous
67|Frozen|Sleek
68|Steel|Handcrafted
69|Granite|Handmade
70|Plastic|Practical
71|Granite|Unbranded
71|Granite|Gorgeous
72|Granite|Small
72|Steel|Awesome
73|Cotton|Fantastic
73|Cotton|Licensed
74|Plastic|Refined
75|Steel|Small
75|Concrete|Incredible
76|Metal|Unbranded
77|Frozen|Sleek
78|Soft|Tasty
79|Soft|Refined
79|Cotton|Awesome
80|Fresh|Ergonomic
80|Soft|Refined
81|Granite|Handcrafted
82|Fresh|Generic
82|Plastic|Small
83|Rubber|Generic
84|Steel|Awesome
85|Plastic|Sleek
86|Plastic|Gorgeous
86|Soft|Gorgeous
87|Plastic|Generic
88|Rubber|Awesome
88|Steel|Gorgeous
89|Cotton|Unbranded
90|Frozen|Awesome
91|Wooden|Licensed
91|Concrete|Unbranded
92|Soft|Licensed
93|Wooden|Practical
94|Wooden|Fantastic
95|Rubber|Refined
95|Wooden|Licensed
96|Fresh|Ergonomic
97|Soft|Fantastic
97|Soft|Refined
98|Granite|Small
98|Concrete|Generic
99|Rubber|Sleek
100|Granite|Licensed
