1|1|Intelligent Rubber Hat|$956.00|$112.00|1
1|2|Sleek Granite Towels|$745.00|$107.00|0
2|1|Small Steel Bacon|$774.00|$113.00|1
2|2|Small Wooden Chicken|$823.00|$321.00|0
3|1|Sleek Metal Fish|$509.00|$422.00|1
3|2|Awesome Granite Car|$952.00|$83.00|0
4|1|Incredible Cotton Table|$949.00|$465.00|1
4|2|Refined Wooden Pants|$933.00|$146.00|0
5|1|Refined Soft Ball|$869.00|$382.00|1
5|2|Ergonomic Cotton Fish|$566.00|$345.00|0
6|1|Handcrafted Rubber Sausages|$796.00|$58.00|1
6|2|Refined Soft Tuna|$646.00|$240.00|0
7|1|Refined Plastic Table|$569.00|$397.00|1
7|2|Practical Granite Chicken|$872.00|$492.00|0
8|1|Awesome Rubber Cheese|$652.00|$302.00|1
8|2|Fantastic Soft Shoes|$680.00|$253.00|0
9|1|Fantastic Cotton Shoes|$639.00|$113.00|1
9|2|Handmade Granite Car|$890.00|$266.00|0
10|1|Practical Soft Hat|$761.00|$355.00|1
10|2|Tasty Frozen Shirt|$893.00|$165.00|0
11|1|Small Plastic Gloves|$771.00|$173.00|1
11|2|Ergonomic Rubber Shirt|$818.00|$281.00|0
12|1|Handmade Frozen Bike|$648.00|$367.00|1
12|2|Unbranded Frozen Pants|$671.00|$433.00|0
13|1|Tasty Fresh Car|$860.00|$348.00|1
13|2|Rustic Plastic Gloves|$632.00|$455.00|0
14|1|Rustic Soft Shoes|$989.00|$154.00|1
14|2|Ergonomic Wooden Car|$819.00|$126.00|0
15|1|Fantastic Wooden Chair|$656.00|$200.00|1
15|2|Awesome Plastic Keyboard|$865.00|$234.00|0
16|1|Tasty Metal Chair|$723.00|$488.00|1
16|2|Rustic Soft Bacon|$635.00|$199.00|0
17|1|Unbranded Cotton Table|$723.00|$131.00|1
17|2|Intelligent Concrete Soap|$699.00|$212.00|0
18|1|Licensed Wooden Soap|$679.00|$378.00|1
18|2|Handmade Cotton Keyboard|$962.00|$429.00|0
19|1|Rustic Wooden Mouse|$649.00|$448.00|1
19|2|Incredible Metal Mouse|$848.00|$354.00|0
20|1|Awesome Metal Fish|$774.00|$315.00|1
20|2|Ergonomic Steel Tuna|$918.00|$461.00|0
21|1|Intelligent Wooden Salad|$527.00|$181.00|1
21|2|Gorgeous Rubber Table|$509.00|$119.00|0
22|1|Awesome Plastic Car|$527.00|$197.00|1
22|2|Intelligent Plastic Hat|$530.00|$140.00|0
23|1|Gorgeous Frozen Keyboard|$567.00|$102.00|1
23|2|Unbranded Rubber Cheese|$705.00|$212.00|0
24|1|Awesome Frozen Chicken|$974.00|$364.00|1
24|2|Incredible Concrete Tuna|$928.00|$123.00|0
25|1|Unbranded Granite Cheese|$579.00|$144.00|1
25|2|Ergonomic Soft Car|$700.00|$431.00|0
26|1|Gorgeous Wooden Ball|$617.00|$176.00|1
26|2|Handmade Concrete Bacon|$630.00|$193.00|0
27|1|Refined Concrete Sausages|$549.00|$77.00|1
27|2|Rustic Soft Mouse|$941.00|$416.00|0
28|1|Ergonomic Cotton Car|$733.00|$96.00|1
28|2|Incredible Steel Soap|$802.00|$51.00|0
29|1|Fantastic Fresh Ball|$852.00|$168.00|1
29|2|Ergonomic Concrete Ball|$854.00|$108.00|0
30|1|Generic Rubber Pizza|$835.00|$367.00|1
30|2|Licensed Concrete Table|$808.00|$469.00|0
31|1|Awesome Steel Keyboard|$775.00|$283.00|1
31|2|Intelligent Plastic Salad|$904.00|$439.00|0
32|1|Sleek Concrete Car|$584.00|$296.00|1
32|2|Awesome Granite Chair|$967.00|$307.00|0
33|1|Incredible Granite Bacon|$514.00|$491.00|1
33|2|Gorgeous Fresh Chair|$764.00|$289.00|0
34|1|Refined Rubber Table|$546.00|$339.00|1
34|2|Small Frozen Sausages|$560.00|$254.00|0
35|1|Fantastic Wooden Fish|$649.00|$481.00|1
35|2|Unbranded Metal Salad|$703.00|$90.00|0
36|1|Awesome Wooden Chips|$856.00|$459.00|1
36|2|Refined Metal Car|$653.00|$15.00|0
37|1|Incredible Rubber Chicken|$881.00|$148.00|1
37|2|Sleek Rubber Fish|$618.00|$50.00|0
38|1|Sleek Concrete Pants|$592.00|$107.00|1
38|2|Fantastic Concrete Bike|$787.00|$136.00|0
39|1|Handmade Cotton Sausages|$575.00|$468.00|1
39|2|Licensed Granite Pizza|$745.00|$336.00|0
40|1|Small Frozen Ball|$555.00|$297.00|1
40|2|Tasty Cotton Shirt|$547.00|$118.00|0
41|1|Handmade Plastic Chicken|$853.00|$132.00|1
41|2|Gorgeous Plastic Table|$724.00|$482.00|0
42|1|Fantastic Concrete Chips|$551.00|$409.00|1
42|2|Sleek Metal Pizza|$644.00|$293.00|0
43|1|Gorgeous Rubber Soap|$969.00|$242.00|1
43|2|Fantastic Steel Towels|$999.00|$344.00|0
44|1|Fantastic Metal Salad|$959.00|$470.00|1
44|2|Intelligent Steel Ball|$694.00|$5.00|0
45|1|Practical Cotton Car|$517.00|$310.00|1
45|2|Incredible Granite Ball|$518.00|$348.00|0
46|1|Small Granite Towels|$960.00|$115.00|1
46|2|Ergonomic Frozen Salad|$640.00|$393.00|0
47|1|Intelligent Metal Car|$809.00|$124.00|1
47|2|Handcrafted Cotton Chips|$928.00|$353.00|0
48|1|Intelligent Wooden Cheese|$644.00|$450.00|1
48|2|Incredible Wooden Shoes|$973.00|$469.00|0
49|1|Sleek Cotton Car|$880.00|$215.00|1
49|2|Tasty Frozen Chicken|$763.00|$115.00|0
50|1|Sleek Cotton Chair|$910.00|$166.00|1
50|2|Licensed Fresh Bacon|$624.00|$361.00|0
51|1|Ergonomic Concrete Sausages|$507.00|$454.00|1
51|2|Gorgeous Fresh Cheese|$907.00|$234.00|0
52|1|Sleek Granite Chair|$648.00|$195.00|1
52|2|Incredible Concrete Sausages|$736.00|$438.00|0
53|1|Ergonomic Metal Car|$648.00|$317.00|1
53|2|Awesome Frozen Ball|$529.00|$24.00|0
54|1|Incredible Frozen Mouse|$845.00|$411.00|1
54|2|Practical Cotton Towels|$557.00|$435.00|0
55|1|Small Plastic Hat|$716.00|$409.00|1
55|2|Refined Wooden Gloves|$556.00|$334.00|0
56|1|Rustic Plastic Shirt|$767.00|$482.00|1
56|2|Sleek Wooden Shoes|$624.00|$308.00|0
57|1|Fantastic Metal Computer|$692.00|$164.00|1
57|2|Refined Fresh Soap|$595.00|$36.00|0
58|1|Handmade Steel Bike|$681.00|$380.00|1
58|2|Licensed Soft Pants|$594.00|$422.00|0
59|1|Handmade Concrete Chicken|$611.00|$302.00|1
59|2|Practical Soft Car|$715.00|$57.00|0
60|1|Intelligent Plastic Chair|$953.00|$209.00|1
60|2|Gorgeous Fresh Bike|$908.00|$245.00|0
61|1|Rustic Rubber Chicken|$544.00|$341.00|1
61|2|Rustic Cotton Cheese|$569.00|$32.00|0
62|1|Generic Concrete Computer|$884.00|$106.00|1
62|2|Sleek Concrete Shoes|$757.00|$124.00|0
63|1|Tasty Rubber Tuna|$710.00|$108.00|1
63|2|Small Wooden Computer|$753.00|$177.00|0
64|1|Awesome Metal Shirt|$750.00|$269.00|1
64|2|Handcrafted Soft Bike|$682.00|$404.00|0
65|1|Rustic Cotton Computer|$587.00|$217.00|1
65|2|Gorgeous Steel Ball|$581.00|$205.00|0
66|1|Ergonomic Rubber Hat|$821.00|$396.00|1
66|2|Awesome Metal Gloves|$681.00|$336.00|0
67|1|Rustic Granite Keyboard|$934.00|$20.00|1
67|2|Rustic Concrete Soap|$516.00|$91.00|0
68|1|Rustic Metal Salad|$814.00|$177.00|1
68|2|Intelligent Frozen Keyboard|$671.00|$178.00|0
69|1|Fantastic Soft Table|$808.00|$367.00|1
69|2|Practical Metal Tuna|$983.00|$185.00|0
70|1|Handcrafted Rubber Bacon|$898.00|$12.00|1
70|2|Gorgeous Granite Pants|$863.00|$347.00|0
71|1|Gorgeous Granite Mouse|$655.00|$273.00|1
71|2|Handmade Rubber Bike|$616.00|$280.00|0
72|1|Ergonomic Frozen Tuna|$681.00|$101.00|1
72|2|Tasty Steel Bike|$872.00|$197.00|0
73|1|Small Soft Soap|$727.00|$195.00|1
73|2|Handmade Concrete Sausages|$666.00|$472.00|0
74|1|Intelligent Metal Pizza|$534.00|$198.00|1
74|2|Awesome Frozen Hat|$728.00|$308.00|0
75|1|Rustic Cotton Fish|$866.00|$58.00|1
75|2|Tasty Fresh Chair|$890.00|$414.00|0
76|1|Ergonomic Cotton Chips|$977.00|$306.00|1
76|2|Rustic Plastic Ball|$699.00|$106.00|0
77|1|Practical Wooden Ball|$604.00|$281.00|1
77|2|Handmade Steel Sausages|$917.00|$483.00|0
78|1|Incredible Cotton Shirt|$933.00|$153.00|1
78|2|Handcrafted Concrete Towels|$980.00|$12.00|0
79|1|Sleek Frozen Table|$569.00|$288.00|1
79|2|Refined Wooden Shoes|$803.00|$480.00|0
80|1|Awesome Wooden Fish|$564.00|$129.00|1
80|2|Refined Plastic Soap|$576.00|$318.00|0
81|1|Sleek Concrete Chicken|$638.00|$99.00|1
81|2|Sleek Soft Tuna|$782.00|$63.00|0
82|1|Fantastic Granite Bacon|$542.00|$256.00|1
82|2|Rustic Rubber Shoes|$559.00|$387.00|0
83|1|Unbranded Metal Pizza|$606.00|$286.00|1
83|2|Unbranded Metal Chips|$722.00|$79.00|0
84|1|Handmade Rubber Computer|$673.00|$423.00|1
84|2|Handmade Plastic Cheese|$539.00|$77.00|0
85|1|Handcrafted Concrete Sausages|$655.00|$46.00|1
85|2|Handcrafted Steel Gloves|$583.00|$425.00|0
86|1|Refined Metal Pants|$664.00|$271.00|1
86|2|Handcrafted Soft Salad|$984.00|$32.00|0
87|1|Handcrafted Wooden Salad|$837.00|$88.00|1
87|2|Practical Metal Chicken|$992.00|$319.00|0
88|1|Small Granite Tuna|$724.00|$269.00|1
88|2|Awesome Cotton Chips|$964.00|$475.00|0
89|1|Sleek Soft Bacon|$969.00|$477.00|1
89|2|Fantastic Wooden Shirt|$568.00|$366.00|0
90|1|Gorgeous Fresh Ball|$630.00|$75.00|1
90|2|Practical Metal Pants|$763.00|$378.00|0
91|1|Rustic Cotton Mouse|$579.00|$478.00|1
91|2|Ergonomic Soft Bike|$529.00|$5.00|0
92|1|Ergonomic Fresh Pants|$682.00|$284.00|1
92|2|Small Concrete Car|$877.00|$291.00|0
93|1|Sleek Plastic Sausages|$776.00|$184.00|1
93|2|Practical Metal Towels|$684.00|$31.00|0
94|1|Fantastic Concrete Chicken|$554.00|$403.00|1
94|2|Generic Wooden Car|$833.00|$484.00|0
95|1|Practical Plastic Mouse|$764.00|$347.00|1
95|2|Practical Metal Bacon|$623.00|$101.00|0
96|1|Intelligent Granite Pizza|$708.00|$87.00|1
96|2|Rustic Steel Sausages|$823.00|$55.00|0
97|1|Fantastic Fresh Bacon|$987.00|$81.00|1
97|2|Unbranded Fresh Sausages|$583.00|$418.00|0
98|1|Ergonomic Fresh Mouse|$729.00|$325.00|1
98|2|Fantastic Concrete Bike|$721.00|$214.00|0
99|1|Intelligent Rubber Gloves|$669.00|$317.00|1
99|2|Gorgeous Granite Tuna|$597.00|$402.00|0
100|1|Practical Rubber Computer|$523.00|$82.00|1
100|2|Handmade Frozen Tuna|$739.00|$286.00|0
