0|Granite|Small
0|Steel|Awesome
1|Metal|Awesome
1|Frozen|Generic
2|Concrete|Sleek
3|Concrete|Gorgeous
3|Steel|Awesome
4|Granite|Practical
5|Steel|Licensed
5|Steel|Intelligent
6|Granite|Fantastic
6|Steel|Tasty
7|Soft|Gorgeous
7|Soft|Awesome
8|Cotton|Ergonomic
9|Soft|Rustic
9|Metal|Generic
10|Steel|Unbranded
10|Rubber|Fantastic
11|Fresh|Awesome
11|Wooden|Small
12|Plastic|Practical
12|Wooden|Rustic
13|Concrete|Intelligent
14|Plastic|Fantastic
15|Plastic|Incredible
15|Steel|Awesome
16|Wooden|Refined
16|Plastic|Unbranded
17|Plastic|Sleek
18|Granite|Unbranded
19|Rubber|Refined
20|Fresh|Unbranded
20|Steel|Gorgeous
21|Granite|Gorgeous
22|Fresh|Fantastic
23|Metal|Fantastic
24|Metal|Tasty
25|Concrete|Generic
25|Soft|Tasty
26|Wooden|Licensed
27|Plastic|Rustic
28|Rubber|Tasty
28|Granite|Sleek
29|Metal|Intelligent
30|Granite|Licensed
30|Cotton|Practical
31|Rubber|Refined
32|Plastic|Ergonomic
33|Granite|Small
33|Wooden|Awesome
34|Cotton|Practical
35|Frozen|Small
35|Steel|Small
36|Granite|Unbranded
36|Rubber|Handmade
37|Fresh|Generic
38|Granite|Rustic
39|Concrete|Awesome
39|Plastic|Refined
40|Metal|Unbranded
40|Metal|Refined
41|Wooden|Sleek
41|Cotton|Tasty
42|Frozen|Sleek
43|Plastic|Unbranded
43|Plastic|Intelligent
44|Rubber|Intelligent
44|Cotton|Intelligent
45|Metal|Awesome
46|Concrete|Sleek
46|Granite|Unbranded
47|Concrete|Rustic
48|Plastic|Licensed
48|Cotton|Unbranded
49|Soft|Generic
49|Cotton|Licensed
50|Rubber|Sleek
51|Concrete|Handcrafted
51|Concrete|Gorgeous
52|Concrete|Intelligent
53|Soft|Incredible
53|Plastic|Ergonomic
54|Metal|Incredible
54|Granite|Licensed
55|Rubber|Fantastic
55|Granite|Small
56|Wooden|Sleek
57|Rubber|Handcrafted
58|Cotton|Awesome
58|Concrete|Sleek
59|Plastic|Ergonomic
60|Fresh|Refined
61|Plastic|Sleek
62|Fresh|Sleek
63|Concrete|Awesome
64|Steel|Practical
65|Fresh|Practical
65|Soft|Practical
66|Metal|Rustic
67|Rubber|Incredible
67|Concrete|Incredible
68|Rubber|Ergonomic
69|Rubber|Gorgeous
69|Metal|Practical
70|Cotton|Awesome
70|Granite|Ergonomic
71|Fresh|Awesome
72|Plastic|Rustic
72|Steel|Awesome
73|Fresh|Rustic
73|Metal|Ergonomic
74|Fresh|Ergonomic
74|Metal|Incredible
75|Steel|Awesome
76|Cotton|Awesome
76|Frozen|Unbranded
77|Frozen|Refined
78|Wooden|Unbranded
79|Metal|Incredible
79|Steel|Licensed
80|Plastic|Rustic
81|Granite|Licensed
81|Cotton|Awesome
82|Wooden|Intelligent
82|Frozen|Handmade
83|Fresh|Handcrafted
84|Concrete|Intelligent
85|Granite|Intelligent
86|Wooden|Generic
87|Granite|Tasty
87|Soft|Tasty
88|Cotton|Gorgeous
88|Wooden|Licensed
89|Granite|Refined
90|Granite|Awesome
91|Fresh|Unbranded
92|Metal|Small
93|Soft|Handmade
93|Plastic|Fantastic
94|Frozen|Intelligent
94|Granite|Gorgeous
95|Soft|Handmade
96|Granite|Practical
97|Steel|Small
97|Plastic|Incredible
98|Rubber|Sleek
99|Soft|Fantastic
99|Soft|Sleek
