0|1|Licensed Soft Shirt|$942.00|$348.00|1
0|2|Practical Rubber Table|$811.00|$21.00|0
1|1|Handmade Steel Towels|$927.00|$21.00|1
1|2|Licensed Steel Pants|$988.00|$215.00|0
2|1|Unbranded Rubber Towels|$556.00|$74.00|1
2|2|Licensed Wooden Tuna|$656.00|$419.00|0
3|1|Handcrafted Rubber Cheese|$985.00|$324.00|1
3|2|Gorgeous Wooden Bike|$910.00|$96.00|0
4|1|Fantastic Granite Hat|$712.00|$72.00|1
4|2|Refined Plastic Salad|$504.00|$161.00|0
5|1|Unbranded Metal Mouse|$838.00|$216.00|1
5|2|Handcrafted Rubber Hat|$918.00|$260.00|0
6|1|Intelligent Cotton Pants|$830.00|$219.00|1
6|2|Gorgeous Fresh Shoes|$520.00|$134.00|0
7|1|Generic Soft Chicken|$883.00|$491.00|1
7|2|Practical Plastic Cheese|$882.00|$402.00|0
8|1|Small Fresh Towels|$682.00|$260.00|1
8|2|Incredible Concrete Fish|$560.00|$252.00|0
9|1|Small Granite Shirt|$942.00|$200.00|1
9|2|Unbranded Frozen Chair|$968.00|$7.00|0
10|1|Awesome Wooden Sausages|$609.00|$385.00|1
10|2|Small Rubber Chips|$653.00|$250.00|0
11|1|Practical Concrete Soap|$990.00|$296.00|1
11|2|Refined Wooden Tuna|$691.00|$164.00|0
12|1|Incredible Rubber Table|$947.00|$24.00|1
12|2|Ergonomic Soft Cheese|$874.00|$315.00|0
13|1|Refined Plastic Tuna|$989.00|$92.00|1
13|2|Generic Plastic Fish|$981.00|$138.00|0
14|1|Generic Metal Keyboard|$529.00|$132.00|1
14|2|Practical Metal Bacon|$633.00|$262.00|0
15|1|Fantastic Soft Chicken|$913.00|$163.00|1
15|2|Awesome Metal Soap|$595.00|$152.00|0
16|1|Refined Wooden Car|$684.00|$319.00|1
16|2|Sleek Steel Computer|$871.00|$135.00|0
17|1|Tasty Rubber Computer|$907.00|$256.00|1
17|2|Practical Concrete Bacon|$928.00|$301.00|0
18|1|Fantastic Soft Chips|$559.00|$438.00|1
18|2|Tasty Plastic Mouse|$646.00|$357.00|0
19|1|Gorgeous Granite Sausages|$750.00|$116.00|1
19|2|Generic Wooden Chair|$1000.00|$385.00|0
20|1|Gorgeous Concrete Sausages|$852.00|$238.00|1
20|2|Tasty Soft Cheese|$699.00|$302.00|0
21|1|Rustic Metal Keyboard|$737.00|$313.00|1
21|2|Refined Cotton Keyboard|$771.00|$323.00|0
22|1|Fantastic Steel Soap|$920.00|$309.00|1
22|2|Handcrafted Cotton Bike|$545.00|$495.00|0
23|1|Fantastic Frozen Salad|$678.00|$273.00|1
23|2|Incredible Cotton Towels|$585.00|$118.00|0
24|1|Refined Cotton Salad|$753.00|$377.00|1
24|2|Licensed Soft Cheese|$534.00|$496.00|0
25|1|Small Metal Chips|$928.00|$36.00|1
25|2|Tasty Wooden Computer|$997.00|$355.00|0
26|1|Rustic Plastic Mouse|$846.00|$3.00|1
26|2|Ergonomic Soft Computer|$572.00|$249.00|0
27|1|Small Fresh Mouse|$602.00|$242.00|1
27|2|Ergonomic Granite Chips|$935.00|$152.00|0
28|1|Unbranded Cotton Bacon|$652.00|$283.00|1
28|2|Awesome Frozen Towels|$740.00|$414.00|0
29|1|Practical Plastic Sausages|$761.00|$78.00|1
29|2|Awesome Wooden Chips|$773.00|$186.00|0
30|1|Gorgeous Wooden Towels|$660.00|$79.00|1
30|2|Handcrafted Fresh Hat|$579.00|$336.00|0
31|1|Awesome Soft Chair|$778.00|$29.00|1
31|2|Practical Soft Salad|$974.00|$471.00|0
32|1|Licensed Fresh Bacon|$816.00|$123.00|1
32|2|Small Concrete Towels|$818.00|$210.00|0
33|1|Gorgeous Rubber Chips|$694.00|$69.00|1
33|2|Ergonomic Plastic Bacon|$679.00|$294.00|0
34|1|Sleek Rubber Mouse|$515.00|$355.00|1
34|2|Tasty Fresh Pants|$663.00|$145.00|0
35|1|Incredible Metal Ball|$817.00|$71.00|1
35|2|Fantastic Granite Shirt|$638.00|$71.00|0
36|1|Unbranded Concrete Table|$885.00|$499.00|1
36|2|Small Plastic Towels|$901.00|$462.00|0
37|1|Small Granite Soap|$903.00|$473.00|1
37|2|Handcrafted Soft Cheese|$957.00|$479.00|0
38|1|Incredible Cotton Bacon|$573.00|$422.00|1
38|2|Licensed Metal Computer|$829.00|$211.00|0
39|1|Tasty Wooden Gloves|$796.00|$399.00|1
39|2|Practical Fresh Bacon|$725.00|$137.00|0
40|1|Intelligent Frozen Car|$786.00|$122.00|1
40|2|Intelligent Fresh Gloves|$666.00|$56.00|0
41|1|Incredible Metal Computer|$554.00|$474.00|1
41|2|Sleek Soft Salad|$623.00|$133.00|0
42|1|Practical Frozen Hat|$891.00|$283.00|1
42|2|Generic Metal Table|$517.00|$276.00|0
43|1|Gorgeous Metal Towels|$589.00|$125.00|1
43|2|Handcrafted Steel Table|$517.00|$130.00|0
44|1|Incredible Steel Fish|$546.00|$397.00|1
44|2|Handcrafted Metal Gloves|$998.00|$154.00|0
45|1|Handmade Cotton Chair|$849.00|$58.00|1
45|2|Small Plastic Mouse|$587.00|$8.00|0
46|1|Practical Cotton Bike|$516.00|$135.00|1
46|2|Handmade Metal Hat|$705.00|$4.00|0
47|1|Incredible Cotton Sausages|$757.00|$453.00|1
47|2|Awesome Rubber Cheese|$852.00|$347.00|0
48|1|Gorgeous Plastic Keyboard|$827.00|$14.00|1
48|2|Fantastic Granite Chicken|$571.00|$416.00|0
49|1|Handcrafted Soft Sausages|$890.00|$445.00|1
49|2|Rustic Plastic Towels|$615.00|$177.00|0
50|1|Gorgeous Rubber Sausages|$583.00|$55.00|1
50|2|Licensed Frozen Towels|$921.00|$14.00|0
51|1|Sleek Wooden Table|$852.00|$109.00|1
51|2|Awesome Plastic Sausages|$913.00|$488.00|0
52|1|Ergonomic Fresh Chips|$648.00|$432.00|1
52|2|Gorgeous Soft Computer|$880.00|$493.00|0
53|1|Small Metal Pants|$759.00|$152.00|1
53|2|Awesome Granite Keyboard|$700.00|$380.00|0
54|1|Unbranded Rubber Ball|$927.00|$487.00|1
54|2|Practical Cotton Chips|$671.00|$122.00|0
55|1|Gorgeous Rubber Chips|$559.00|$54.00|1
55|2|Unbranded Metal Fish|$562.00|$264.00|0
56|1|Fantastic Plastic Soap|$949.00|$457.00|1
56|2|Tasty Cotton Chicken|$575.00|$41.00|0
57|1|Sleek Fresh Towels|$983.00|$256.00|1
57|2|Refined Concrete Chips|$628.00|$188.00|0
58|1|Rustic Rubber Ball|$916.00|$180.00|1
58|2|Ergonomic Steel Gloves|$776.00|$28.00|0
59|1|Refined Cotton Shoes|$631.00|$285.00|1
59|2|Fantastic Plastic Gloves|$502.00|$320.00|0
60|1|Incredible Soft Pizza|$653.00|$438.00|1
60|2|Fantastic Wooden Pizza|$534.00|$280.00|0
61|1|Unbranded Soft Shirt|$705.00|$205.00|1
61|2|Small Granite Shirt|$869.00|$73.00|0
62|1|Unbranded Metal Soap|$603.00|$251.00|1
62|2|Sleek Concrete Pizza|$548.00|$213.00|0
63|1|Refined Frozen Car|$845.00|$311.00|1
63|2|Gorgeous Rubber Computer|$663.00|$2.00|0
64|1|Unbranded Steel Gloves|$572.00|$300.00|1
64|2|Ergonomic Rubber Gloves|$744.00|$51.00|0
65|1|Rustic Steel Bike|$994.00|$178.00|1
65|2|Tasty Metal Computer|$922.00|$450.00|0
66|1|Ergonomic Soft Towels|$563.00|$182.00|1
66|2|Handmade Fresh Soap|$758.00|$330.00|0
67|1|Rustic Soft Bike|$716.00|$369.00|1
67|2|Awesome Granite Cheese|$785.00|$94.00|0
68|1|Awesome Frozen Computer|$934.00|$330.00|1
68|2|Gorgeous Metal Tuna|$620.00|$212.00|0
69|1|Rustic Metal Shirt|$880.00|$246.00|1
69|2|Awesome Frozen Bike|$651.00|$182.00|0
70|1|Rustic Fresh Bike|$737.00|$309.00|1
70|2|Handmade Soft Sausages|$519.00|$362.00|0
71|1|Small Concrete Bacon|$567.00|$324.00|1
71|2|Rustic Wooden Keyboard|$543.00|$154.00|0
72|1|Sleek Soft Bacon|$513.00|$415.00|1
72|2|Intelligent Concrete Ball|$707.00|$190.00|0
73|1|Small Steel Mouse|$583.00|$124.00|1
73|2|Handcrafted Metal Chips|$637.00|$152.00|0
74|1|Intelligent Cotton Car|$850.00|$314.00|1
74|2|Ergonomic Wooden Keyboard|$879.00|$213.00|0
75|1|Incredible Fresh Car|$887.00|$356.00|1
75|2|Handmade Cotton Mouse|$691.00|$61.00|0
76|1|Sleek Rubber Soap|$730.00|$86.00|1
76|2|Unbranded Concrete Keyboard|$860.00|$418.00|0
77|1|Awesome Concrete Soap|$730.00|$254.00|1
77|2|Tasty Granite Computer|$810.00|$441.00|0
78|1|Awesome Plastic Cheese|$966.00|$50.00|1
78|2|Generic Granite Shirt|$947.00|$475.00|0
79|1|Tasty Fresh Chips|$732.00|$293.00|1
79|2|Gorgeous Wooden Hat|$822.00|$434.00|0
80|1|Refined Frozen Salad|$845.00|$5.00|1
80|2|Generic Metal Towels|$530.00|$468.00|0
81|1|Sleek Rubber Chicken|$923.00|$471.00|1
81|2|Ergonomic Granite Sausages|$774.00|$158.00|0
82|1|Tasty Granite Bike|$577.00|$249.00|1
82|2|Awesome Soft Hat|$608.00|$216.00|0
83|1|Tasty Granite Car|$808.00|$136.00|1
83|2|Gorgeous Rubber Mouse|$992.00|$374.00|0
84|1|Gorgeous Concrete Chips|$571.00|$435.00|1
84|2|Unbranded Soft Pants|$823.00|$226.00|0
85|1|Fantastic Rubber Chips|$522.00|$168.00|1
85|2|Intelligent Granite Towels|$653.00|$53.00|0
86|1|Ergonomic Cotton Cheese|$617.00|$177.00|1
86|2|Handcrafted Metal Pizza|$618.00|$269.00|0
87|1|Fantastic Rubber Chips|$542.00|$262.00|1
87|2|Refined Cotton Tuna|$774.00|$72.00|0
88|1|Sleek Wooden Car|$829.00|$121.00|1
88|2|Refined Soft Pants|$811.00|$460.00|0
89|1|Small Wooden Keyboard|$719.00|$315.00|1
89|2|Unbranded Fresh Soap|$593.00|$289.00|0
90|1|Incredible Steel Soap|$753.00|$133.00|1
90|2|Licensed Granite Pizza|$813.00|$346.00|0
91|1|Small Rubber Pizza|$695.00|$347.00|1
91|2|Rustic Rubber Pizza|$950.00|$28.00|0
92|1|Unbranded Frozen Computer|$964.00|$125.00|1
92|2|Handmade Concrete Chips|$688.00|$237.00|0
93|1|Unbranded Wooden Towels|$937.00|$493.00|1
93|2|Licensed Steel Chair|$876.00|$117.00|0
94|1|Rustic Wooden Keyboard|$994.00|$343.00|1
94|2|Practical Granite Tuna|$523.00|$50.00|0
95|1|Handmade Soft Salad|$670.00|$365.00|1
95|2|Ergonomic Wooden Chips|$965.00|$94.00|0
96|1|Rustic Rubber Fish|$943.00|$492.00|1
96|2|Ergonomic Rubber Salad|$601.00|$405.00|0
97|1|Tasty Steel Fish|$899.00|$368.00|1
97|2|Rustic Frozen Pizza|$538.00|$487.00|0
98|1|Generic Granite Shoes|$685.00|$302.00|1
98|2|Generic Cotton Bacon|$707.00|$353.00|0
99|1|Tasty Metal Bike|$814.00|$178.00|1
99|2|Intelligent Granite Keyboard|$968.00|$147.00|0
